Tỉ lệ,Dữ liệu,Train R²,Test R²,ΔR²,Train MSE,Test MSE,RMSE,Overfit
80:20 (4:1),Dữ liệu gốc,1.0,0.8924,0.1076,0.0,10.707,3.2722,Có
70:30 (7:3),Dữ liệu gốc,1.0,0.8894,0.1106,0.0,10.5845,3.2534,Có
60:40 (6:4),Dữ liệu gốc,1.0,0.8933,0.1067,0.0,9.754,3.1231,Có
80:20 (4:1),Dữ liệu PCA,1.0,0.8531,0.1469,0.0,14.6153,3.823,Có
70:30 (7:3),Dữ liệu PCA,1.0,0.8487,0.1513,0.0,14.4808,3.8054,Có
60:40 (6:4),Dữ liệu PCA,1.0,0.8499,0.1501,0.0,13.7222,3.7043,Có
80:20 (4:1),Dữ liệu Select KBest,1.0,0.9032,0.0968,0.0,9.633,3.1037,Có
70:30 (7:3),Dữ liệu Select KBest,1.0,0.9041,0.0959,0.0,9.1755,3.0291,Có
60:40 (6:4),Dữ liệu Select KBest,1.0,0.9071,0.0929,0.0,8.4907,2.9139,Có
